time,temperature,pressure,humidity,wind_speed,wind_direction,precipitation
2024-12-05 00:59:17.401064+00:00,62.752627833206205,28.730108604892212,12.567173732841523,0.7454843840126941,0.0,0.0

